{"TrainStep": [1, 2, 3, 4, 5, 6, 7, 8, 9, 10, 11, 12, 13, 14, 15, 16, 17, 18, 19, 20], "TrainLoss": [0.6063550710678101, 0.5113467574119568, 0.48387566208839417, 0.4698713719844818, 0.46019622683525085, 0.453549325466156, 0.44707658886909485, 0.44233453273773193, 0.43876326084136963, 0.43498045206069946, 0.43222129344940186, 0.4291055500507355, 0.4269530475139618, 0.4245759844779968, 0.4228600263595581, 0.4198986291885376, 0.41838669776916504, 0.4166345000267029, 0.4155009984970093, 0.41335755586624146], "TestStep": [0, 5, 10, 15, 20], "TrainAuc": [0.5380787253379822, 0.9059920907020569, 0.9421913623809814, 0.9473381042480469, 0.9643775820732117], "ValidAuc": [0.5263117551803589, 0.9013987183570862, 0.9272515773773193, 0.9287130236625671, 0.943717360496521], "HyperParameter": {"Literal1st": 6, "Semantic1st": 200, "Literal2nd": 5, "Semantic2nd": 200, "CFGForwardTime": 4, "CFGReverseTime": 2, "PFGIteraTime": 2, "MLPLayer": 2, "EmbedDim": 64, "DropoutRate": 0.4, "OutputDim": 64, "BatchSize": 8, "BatchMultiple": 2, "LearningRate": 0.0001}}
