{"TrainStep": [1, 2, 3, 4, 5, 6, 7, 8, 9, 10, 11, 12, 13, 14, 15, 16, 17, 18, 19, 20], "TrainLoss": [0.575380802154541, 0.49051299691200256, 0.4718858599662781, 0.4611743986606598, 0.45387694239616394, 0.4484768211841583, 0.44373461604118347, 0.4395259916782379, 0.4361186921596527, 0.43220454454421997, 0.4301312267780304, 0.4265526235103607, 0.4251345098018646, 0.42218199372291565, 0.42045214772224426, 0.41841328144073486, 0.4159351885318756, 0.4141600728034973, 0.41169440746307373, 0.41065356135368347], "TestStep": [0, 5, 10, 15, 20], "TrainAuc": [0.5588741302490234, 0.9148057699203491, 0.9416592121124268, 0.949349045753479, 0.9590924978256226], "ValidAuc": [0.5642106533050537, 0.9095655083656311, 0.9267184734344482, 0.927936851978302, 0.9341787099838257], "HyperParameter": {"Literal1st": 6, "Semantic1st": 200, "Literal2nd": 5, "Semantic2nd": 200, "CFGForwardTime": 4, "CFGReverseTime": 2, "PFGIteraTime": 2, "MLPLayer": 2, "EmbedDim": 64, "DropoutRate": 0.4, "OutputDim": 64, "BatchSize": 8, "BatchMultiple": 2, "LearningRate": 0.0001}}
